node-superagent/2.3.0,2026-03-25T04:22:32.677Z,GET,/,HTTP/1.1,200
node-superagent/2.3.0,2026-03-25T04:22:32.678Z,GET,/,HTTP/1.1,200
node-superagent/2.3.0,2026-03-25T04:22:32.685Z,GET,/api/TodoItems,HTTP/1.1,200
node-superagent/2.3.0,2026-03-25T04:22:32.689Z,POST,/api/TodoItems,HTTP/1.1,200
node-superagent/2.3.0,2026-03-25T04:22:39.197Z,DELETE,/api/TodoItems/0,HTTP/1.1,200
node-superagent/2.3.0,2026-03-25T04:22:39.204Z,GET,/api/TodoItems/1,HTTP/1.1,200
node-superagent/2.3.0,2026-03-25T04:29:19.839Z,GET,/,HTTP/1.1,200
node-superagent/2.3.0,2026-03-25T04:29:19.839Z,GET,/,HTTP/1.1,200
node-superagent/2.3.0,2026-03-25T04:29:19.848Z,GET,/api/TodoItems,HTTP/1.1,200
node-superagent/2.3.0,2026-03-25T04:29:19.852Z,POST,/api/TodoItems,HTTP/1.1,200
node-superagent/2.3.0,2026-03-25T04:29:26.359Z,DELETE,/api/TodoItems/0,HTTP/1.1,200
node-superagent/2.3.0,2026-03-25T04:29:26.364Z,GET,/api/TodoItems/1,HTTP/1.1,200
node-superagent/2.3.0,2026-03-25T04:29:50.560Z,GET,/,HTTP/1.1,200
node-superagent/2.3.0,2026-03-25T04:29:50.561Z,GET,/,HTTP/1.1,200
node-superagent/2.3.0,2026-03-25T04:29:50.568Z,GET,/api/TodoItems,HTTP/1.1,200
node-superagent/2.3.0,2026-03-25T04:29:50.575Z,POST,/api/TodoItems,HTTP/1.1,200
node-superagent/2.3.0,2026-03-25T04:29:57.080Z,DELETE,/api/TodoItems/0,HTTP/1.1,200
node-superagent/2.3.0,2026-03-25T04:29:57.087Z,GET,/api/TodoItems/1,HTTP/1.1,200
node-superagent/2.3.0,2026-03-25T04:30:33.583Z,GET,/,HTTP/1.1,200
node-superagent/2.3.0,2026-03-25T04:30:33.584Z,GET,/,HTTP/1.1,200
node-superagent/2.3.0,2026-03-25T04:30:33.590Z,GET,/api/TodoItems,HTTP/1.1,200
node-superagent/2.3.0,2026-03-25T04:30:33.596Z,POST,/api/TodoItems,HTTP/1.1,200
node-superagent/2.3.0,2026-03-25T04:30:40.101Z,DELETE,/api/TodoItems/0,HTTP/1.1,200
node-superagent/2.3.0,2026-03-25T04:30:40.106Z,GET,/api/TodoItems/1,HTTP/1.1,200
node-superagent/2.3.0,2026-03-25T04:36:49.049Z,GET,/,HTTP/1.1,200
node-superagent/2.3.0,2026-03-25T04:36:49.050Z,GET,/,HTTP/1.1,200
node-superagent/2.3.0,2026-03-25T04:36:49.058Z,GET,/api/TodoItems,HTTP/1.1,200
node-superagent/2.3.0,2026-03-25T04:36:49.063Z,POST,/api/TodoItems,HTTP/1.1,200
node-superagent/2.3.0,2026-03-25T04:36:55.569Z,DELETE,/api/TodoItems/0,HTTP/1.1,200
node-superagent/2.3.0,2026-03-25T04:36:55.575Z,GET,/api/TodoItems/1,HTTP/1.1,200
node-superagent/2.3.0,2026-03-25T04:37:22.978Z,GET,/,HTTP/1.1,200
node-superagent/2.3.0,2026-03-25T04:37:22.979Z,GET,/,HTTP/1.1,200
node-superagent/2.3.0,2026-03-25T04:37:22.988Z,GET,/api/TodoItems,HTTP/1.1,200
node-superagent/2.3.0,2026-03-25T04:37:22.994Z,POST,/api/TodoItems,HTTP/1.1,200
node-superagent/2.3.0,2026-03-25T04:37:29.500Z,DELETE,/api/TodoItems/0,HTTP/1.1,200
node-superagent/2.3.0,2026-03-25T04:37:29.506Z,GET,/api/TodoItems/1,HTTP/1.1,200
node-superagent/2.3.0,2026-03-25T04:41:24.388Z,GET,/,HTTP/1.1,200
node-superagent/2.3.0,2026-03-25T04:41:24.388Z,GET,/,HTTP/1.1,200
node-superagent/2.3.0,2026-03-25T04:41:24.397Z,GET,/api/TodoItems,HTTP/1.1,200
node-superagent/2.3.0,2026-03-25T04:41:24.402Z,POST,/api/TodoItems,HTTP/1.1,200
node-superagent/2.3.0,2026-03-25T04:41:30.909Z,DELETE,/api/TodoItems/0,HTTP/1.1,200
node-superagent/2.3.0,2026-03-25T04:41:30.915Z,GET,/api/TodoItems/1,HTTP/1.1,200
node-superagent/2.3.0,2026-03-25T04:44:08.007Z,GET,/,HTTP/1.1,200
node-superagent/2.3.0,2026-03-25T04:44:08.008Z,GET,/,HTTP/1.1,200
node-superagent/2.3.0,2026-03-25T04:44:08.017Z,GET,/api/TodoItems,HTTP/1.1,200
node-superagent/2.3.0,2026-03-25T04:44:08.022Z,POST,/api/TodoItems,HTTP/1.1,200
node-superagent/2.3.0,2026-03-25T04:44:14.527Z,DELETE,/api/TodoItems/0,HTTP/1.1,200
node-superagent/2.3.0,2026-03-25T04:44:14.532Z,GET,/api/TodoItems/1,HTTP/1.1,200
node-superagent/2.3.0,2026-03-25T04:46:28.804Z,GET,/,HTTP/1.1,200
node-superagent/2.3.0,2026-03-25T04:46:28.805Z,GET,/,HTTP/1.1,200
node-superagent/2.3.0,2026-03-25T04:46:28.814Z,GET,/api/TodoItems,HTTP/1.1,200
node-superagent/2.3.0,2026-03-25T04:46:28.819Z,POST,/api/TodoItems,HTTP/1.1,200
node-superagent/2.3.0,2026-03-25T04:46:35.327Z,DELETE,/api/TodoItems/0,HTTP/1.1,200
node-superagent/2.3.0,2026-03-25T04:46:35.332Z,GET,/api/TodoItems/1,HTTP/1.1,200
node-superagent/2.3.0,2026-03-25T04:47:26.253Z,GET,/,HTTP/1.1,200
node-superagent/2.3.0,2026-03-25T04:47:26.253Z,GET,/,HTTP/1.1,200
node-superagent/2.3.0,2026-03-25T04:47:26.261Z,GET,/api/TodoItems,HTTP/1.1,200
node-superagent/2.3.0,2026-03-25T04:47:26.265Z,POST,/api/TodoItems,HTTP/1.1,200
node-superagent/2.3.0,2026-03-25T04:47:32.769Z,DELETE,/api/TodoItems/0,HTTP/1.1,200
node-superagent/2.3.0,2026-03-25T04:47:32.774Z,GET,/api/TodoItems/1,HTTP/1.1,200
node-superagent/2.3.0,2026-03-25T04:51:15.485Z,GET,/,HTTP/1.1,200
node-superagent/2.3.0,2026-03-25T04:51:15.485Z,GET,/,HTTP/1.1,200
node-superagent/2.3.0,2026-03-25T04:51:15.494Z,GET,/api/TodoItems,HTTP/1.1,200
node-superagent/2.3.0,2026-03-25T04:51:15.497Z,POST,/api/TodoItems,HTTP/1.1,200
node-superagent/2.3.0,2026-03-25T04:51:22.001Z,DELETE,/api/TodoItems/0,HTTP/1.1,200
node-superagent/2.3.0,2026-03-25T04:51:22.006Z,GET,/api/TodoItems/1,HTTP/1.1,200
node-superagent/2.3.0,2026-03-25T05:02:02.428Z,GET,/,HTTP/1.1,200
node-superagent/2.3.0,2026-03-25T05:02:02.428Z,GET,/,HTTP/1.1,200
node-superagent/2.3.0,2026-03-25T05:02:02.437Z,GET,/api/TodoItems,HTTP/1.1,200
node-superagent/2.3.0,2026-03-25T05:02:02.441Z,POST,/api/TodoItems,HTTP/1.1,200
node-superagent/2.3.0,2026-03-25T05:02:08.948Z,DELETE,/api/TodoItems/0,HTTP/1.1,200
node-superagent/2.3.0,2026-03-25T05:02:08.956Z,GET,/api/TodoItems/1,HTTP/1.1,200
node-superagent/2.3.0,2026-03-25T05:04:03.594Z,GET,/,HTTP/1.1,200
node-superagent/2.3.0,2026-03-25T05:04:03.595Z,GET,/,HTTP/1.1,200
node-superagent/2.3.0,2026-03-25T05:04:03.602Z,GET,/api/TodoItems,HTTP/1.1,200
node-superagent/2.3.0,2026-03-25T05:04:03.606Z,POST,/api/TodoItems,HTTP/1.1,200
node-superagent/2.3.0,2026-03-25T05:04:10.113Z,DELETE,/api/TodoItems/0,HTTP/1.1,200
node-superagent/2.3.0,2026-03-25T05:04:10.121Z,GET,/api/TodoItems/1,HTTP/1.1,200
node-superagent/2.3.0,2026-03-25T05:08:43.218Z,GET,/,HTTP/1.1,200
node-superagent/2.3.0,2026-03-25T05:08:43.219Z,GET,/,HTTP/1.1,200
node-superagent/2.3.0,2026-03-25T05:08:43.227Z,GET,/api/TodoItems,HTTP/1.1,200
node-superagent/2.3.0,2026-03-25T05:08:43.230Z,POST,/api/TodoItems,HTTP/1.1,200
node-superagent/2.3.0,2026-03-25T05:08:49.737Z,DELETE,/api/TodoItems/0,HTTP/1.1,200
node-superagent/2.3.0,2026-03-25T05:08:49.745Z,GET,/api/TodoItems/1,HTTP/1.1,200
node-superagent/2.3.0,2026-03-25T05:11:55.201Z,GET,/,HTTP/1.1,200
node-superagent/2.3.0,2026-03-25T05:11:55.202Z,GET,/,HTTP/1.1,200
node-superagent/2.3.0,2026-03-25T05:11:55.211Z,GET,/api/TodoItems,HTTP/1.1,200
node-superagent/2.3.0,2026-03-25T05:11:55.214Z,POST,/api/TodoItems,HTTP/1.1,200
node-superagent/2.3.0,2026-03-25T05:12:01.723Z,DELETE,/api/TodoItems/0,HTTP/1.1,200
node-superagent/2.3.0,2026-03-25T05:12:01.732Z,GET,/api/TodoItems/1,HTTP/1.1,200
node-superagent/2.3.0,2026-03-25T05:12:22.172Z,GET,/,HTTP/1.1,200
node-superagent/2.3.0,2026-03-25T05:12:22.172Z,GET,/,HTTP/1.1,200
node-superagent/2.3.0,2026-03-25T05:12:22.181Z,GET,/api/TodoItems,HTTP/1.1,200
node-superagent/2.3.0,2026-03-25T05:12:22.184Z,POST,/api/TodoItems,HTTP/1.1,200
node-superagent/2.3.0,2026-03-25T05:12:28.692Z,DELETE,/api/TodoItems/0,HTTP/1.1,200
node-superagent/2.3.0,2026-03-25T05:12:28.701Z,GET,/api/TodoItems/1,HTTP/1.1,200
node-superagent/2.3.0,2026-03-25T05:16:44.570Z,GET,/,HTTP/1.1,200
node-superagent/2.3.0,2026-03-25T05:16:44.570Z,GET,/,HTTP/1.1,200
node-superagent/2.3.0,2026-03-25T05:16:44.579Z,GET,/api/TodoItems,HTTP/1.1,200
node-superagent/2.3.0,2026-03-25T05:16:44.582Z,POST,/api/TodoItems,HTTP/1.1,200
node-superagent/2.3.0,2026-03-25T05:16:51.090Z,DELETE,/api/TodoItems/0,HTTP/1.1,200
node-superagent/2.3.0,2026-03-25T05:16:51.098Z,GET,/api/TodoItems/1,HTTP/1.1,200
node-superagent/2.3.0,2026-03-25T05:23:48.561Z,GET,/,HTTP/1.1,200
node-superagent/2.3.0,2026-03-25T05:23:48.561Z,GET,/,HTTP/1.1,200
node-superagent/2.3.0,2026-03-25T05:23:48.570Z,GET,/api/TodoItems,HTTP/1.1,200
node-superagent/2.3.0,2026-03-25T05:23:48.575Z,POST,/api/TodoItems,HTTP/1.1,200
node-superagent/2.3.0,2026-03-25T05:23:55.081Z,DELETE,/api/TodoItems/0,HTTP/1.1,200
node-superagent/2.3.0,2026-03-25T05:23:55.088Z,GET,/api/TodoItems/1,HTTP/1.1,200
node-superagent/2.3.0,2026-03-25T05:53:00.484Z,GET,/,HTTP/1.1,200
node-superagent/2.3.0,2026-03-25T05:53:06.995Z,DELETE,/api/TodoItems/0,HTTP/1.1,404
node-superagent/2.3.0,2026-03-25T05:53:06.999Z,GET,/api/TodoItems/1,HTTP/1.1,200
node-superagent/2.3.0,2026-03-25T05:53:31.827Z,GET,/,HTTP/1.1,200
node-superagent/2.3.0,2026-03-25T05:53:31.833Z,GET,/api/TodoItems,HTTP/1.1,200
node-superagent/2.3.0,2026-03-25T05:53:38.339Z,DELETE,/api/TodoItems/0,HTTP/1.1,404
node-superagent/2.3.0,2026-03-25T05:53:38.344Z,GET,/api/TodoItems/1,HTTP/1.1,200
node-superagent/2.3.0,2026-03-25T06:21:00.655Z,GET,/,HTTP/1.1,200
node-superagent/2.3.0,2026-03-25T06:21:00.660Z,GET,/api/TodoItems,HTTP/1.1,200
node-superagent/2.3.0,2026-03-25T06:21:00.674Z,DELETE,/api/TodoItems/0,HTTP/1.1,404
node-superagent/2.3.0,2026-03-25T06:21:00.680Z,GET,/api/TodoItems/1,HTTP/1.1,200
node-superagent/2.3.0,2026-03-25T06:21:20.702Z,GET,/,HTTP/1.1,200
node-superagent/2.3.0,2026-03-25T06:21:20.708Z,GET,/api/TodoItems,HTTP/1.1,200
node-superagent/2.3.0,2026-03-25T06:21:27.221Z,DELETE,/api/TodoItems/0,HTTP/1.1,404
node-superagent/2.3.0,2026-03-25T06:21:27.231Z,GET,/api/TodoItems/1,HTTP/1.1,404
node-superagent/2.3.0,2026-03-25T06:22:59.016Z,GET,/,HTTP/1.1,200
node-superagent/2.3.0,2026-03-25T06:22:59.022Z,GET,/api/TodoItems,HTTP/1.1,200
node-superagent/2.3.0,2026-03-25T06:23:05.534Z,DELETE,/api/TodoItems/0,HTTP/1.1,404
node-superagent/2.3.0,2026-03-25T06:23:05.541Z,GET,/api/TodoItems/1,HTTP/1.1,404
node-superagent/2.3.0,2026-03-25T06:40:59.856Z,GET,/,HTTP/1.1,200
node-superagent/2.3.0,2026-03-25T06:40:59.861Z,GET,/api/TodoItems,HTTP/1.1,200
node-superagent/2.3.0,2026-03-25T06:40:59.872Z,POST,/api/TodoItems,HTTP/1.1,201
node-superagent/2.3.0,2026-03-25T06:40:59.875Z,DELETE,/api/TodoItems/0,HTTP/1.1,404
node-superagent/2.3.0,2026-03-25T06:40:59.883Z,GET,/api/TodoItems/1,HTTP/1.1,200
node-superagent/2.3.0,2026-03-25T06:49:23.045Z,GET,/,HTTP/1.1,200
node-superagent/2.3.0,2026-03-25T06:49:23.051Z,GET,/api/TodoItems,HTTP/1.1,200
node-superagent/2.3.0,2026-03-25T06:49:23.063Z,POST,/api/TodoItems,HTTP/1.1,201
node-superagent/2.3.0,2026-03-25T06:49:23.068Z,DELETE,/api/TodoItems/0,HTTP/1.1,200
node-superagent/2.3.0,2026-03-25T06:49:23.073Z,GET,/api/TodoItems/1,HTTP/1.1,200
node-superagent/2.3.0,2026-03-25T06:54:00.593Z,GET,/,HTTP/1.1,200
node-superagent/2.3.0,2026-03-25T06:54:00.599Z,GET,/api/TodoItems,HTTP/1.1,200
node-superagent/2.3.0,2026-03-25T06:54:00.609Z,POST,/api/TodoItems,HTTP/1.1,201
node-superagent/2.3.0,2026-03-25T06:54:00.615Z,DELETE,/api/TodoItems/0,HTTP/1.1,200
node-superagent/2.3.0,2026-03-25T06:54:00.621Z,GET,/api/TodoItems/1,HTTP/1.1,200
node-superagent/2.3.0,2026-03-25T06:54:19.954Z,GET,/,HTTP/1.1,200
node-superagent/2.3.0,2026-03-25T06:54:19.960Z,GET,/api/TodoItems,HTTP/1.1,200
node-superagent/2.3.0,2026-03-25T06:54:19.972Z,POST,/api/TodoItems,HTTP/1.1,201
node-superagent/2.3.0,2026-03-25T06:54:19.976Z,DELETE,/api/TodoItems/0,HTTP/1.1,200
node-superagent/2.3.0,2026-03-25T06:54:19.981Z,GET,/api/TodoItems/1,HTTP/1.1,200
node-superagent/2.3.0,2026-03-25T06:55:32.446Z,GET,/,HTTP/1.1,200
node-superagent/2.3.0,2026-03-25T06:55:32.452Z,GET,/api/TodoItems,HTTP/1.1,200
node-superagent/2.3.0,2026-03-25T06:55:32.462Z,POST,/api/TodoItems,HTTP/1.1,201
node-superagent/2.3.0,2026-03-25T06:55:32.467Z,DELETE,/api/TodoItems/0,HTTP/1.1,200
node-superagent/2.3.0,2026-03-25T06:55:32.473Z,GET,/api/TodoItems/1,HTTP/1.1,200
node-superagent/2.3.0,2026-03-25T06:56:29.003Z,GET,/,HTTP/1.1,200
node-superagent/2.3.0,2026-03-25T06:56:29.010Z,GET,/api/TodoItems,HTTP/1.1,200
node-superagent/2.3.0,2026-03-25T06:56:29.020Z,POST,/api/TodoItems,HTTP/1.1,201
node-superagent/2.3.0,2026-03-25T06:56:29.024Z,DELETE,/api/TodoItems/0,HTTP/1.1,200
node-superagent/2.3.0,2026-03-25T06:56:29.030Z,GET,/api/TodoItems/1,HTTP/1.1,200
node-superagent/2.3.0,2026-03-25T06:58:38.699Z,GET,/,HTTP/1.1,200
node-superagent/2.3.0,2026-03-25T06:58:38.705Z,GET,/api/TodoItems,HTTP/1.1,200
node-superagent/2.3.0,2026-03-25T06:58:38.717Z,POST,/api/TodoItems,HTTP/1.1,201
node-superagent/2.3.0,2026-03-25T06:58:38.721Z,DELETE,/api/TodoItems/0,HTTP/1.1,200
node-superagent/2.3.0,2026-03-25T06:58:38.728Z,GET,/api/TodoItems/1,HTTP/1.1,200
node-superagent/2.3.0,2026-03-25T07:01:10.131Z,GET,/,HTTP/1.1,200
node-superagent/2.3.0,2026-03-25T07:01:10.138Z,GET,/api/TodoItems,HTTP/1.1,200
node-superagent/2.3.0,2026-03-25T07:01:10.150Z,POST,/api/TodoItems,HTTP/1.1,201
node-superagent/2.3.0,2026-03-25T07:01:10.152Z,DELETE,/api/TodoItems/0,HTTP/1.1,200
node-superagent/2.3.0,2026-03-25T07:01:10.160Z,GET,/api/TodoItems/1,HTTP/1.1,200
node-superagent/2.3.0,2026-03-25T07:01:51.764Z,GET,/,HTTP/1.1,200
node-superagent/2.3.0,2026-03-25T07:01:51.770Z,GET,/api/TodoItems,HTTP/1.1,200
node-superagent/2.3.0,2026-03-25T07:01:51.780Z,POST,/api/TodoItems,HTTP/1.1,201
node-superagent/2.3.0,2026-03-25T07:01:51.783Z,DELETE,/api/TodoItems/0,HTTP/1.1,200
node-superagent/2.3.0,2026-03-25T07:01:51.790Z,GET,/api/TodoItems/1,HTTP/1.1,200
node-superagent/2.3.0,2026-03-25T07:02:58.768Z,GET,/,HTTP/1.1,200
node-superagent/2.3.0,2026-03-25T07:02:58.773Z,GET,/api/TodoItems,HTTP/1.1,200
node-superagent/2.3.0,2026-03-25T07:02:58.784Z,POST,/api/TodoItems,HTTP/1.1,201
node-superagent/2.3.0,2026-03-25T07:02:58.789Z,DELETE,/api/TodoItems/0,HTTP/1.1,200
node-superagent/2.3.0,2026-03-25T07:02:58.794Z,GET,/api/TodoItems/1,HTTP/1.1,200
node-superagent/2.3.0,2026-03-25T07:10:59.981Z,GET,/,HTTP/1.1,200
node-superagent/2.3.0,2026-03-25T07:10:59.987Z,GET,/api/TodoItems,HTTP/1.1,200
node-superagent/2.3.0,2026-03-25T07:10:59.998Z,POST,/api/TodoItems,HTTP/1.1,201
node-superagent/2.3.0,2026-03-25T07:11:00.009Z,GET,/api/TodoItems/1,HTTP/1.1,200
node-superagent/2.3.0,2026-03-25T07:11:19.526Z,GET,/,HTTP/1.1,200
node-superagent/2.3.0,2026-03-25T07:11:19.533Z,GET,/api/TodoItems,HTTP/1.1,200
node-superagent/2.3.0,2026-03-25T07:11:19.545Z,POST,/api/TodoItems,HTTP/1.1,201
node-superagent/2.3.0,2026-03-25T07:11:19.553Z,GET,/api/TodoItems/1,HTTP/1.1,200
node-superagent/2.3.0,2026-03-25T07:11:28.280Z,GET,/,HTTP/1.1,200
node-superagent/2.3.0,2026-03-25T07:11:28.286Z,GET,/api/TodoItems,HTTP/1.1,200
node-superagent/2.3.0,2026-03-25T07:11:28.299Z,POST,/api/TodoItems,HTTP/1.1,201
node-superagent/2.3.0,2026-03-25T07:11:28.303Z,DELETE,/api/TodoItems/0,HTTP/1.1,200
node-superagent/2.3.0,2026-03-25T07:11:28.308Z,GET,/api/TodoItems/1,HTTP/1.1,200
node-superagent/2.3.0,2026-03-25T07:13:34.846Z,GET,/,HTTP/1.1,200
node-superagent/2.3.0,2026-03-25T07:13:34.852Z,GET,/api/TodoItems,HTTP/1.1,200
node-superagent/2.3.0,2026-03-25T07:13:34.862Z,POST,/api/TodoItems,HTTP/1.1,201
node-superagent/2.3.0,2026-03-25T07:13:34.871Z,DELETE,/api/TodoItems/0,HTTP/1.1,200
node-superagent/2.3.0,2026-03-25T07:13:34.873Z,GET,/api/TodoItems/1,HTTP/1.1,200
node-superagent/2.3.0,2026-03-25T07:15:33.685Z,GET,/,HTTP/1.1,200
node-superagent/2.3.0,2026-03-25T07:15:33.690Z,GET,/api/TodoItems,HTTP/1.1,200
node-superagent/2.3.0,2026-03-25T07:15:33.702Z,POST,/api/TodoItems,HTTP/1.1,201
node-superagent/2.3.0,2026-03-25T07:15:33.710Z,DELETE,/api/TodoItems/0,HTTP/1.1,200
node-superagent/2.3.0,2026-03-25T07:15:33.712Z,GET,/api/TodoItems/1,HTTP/1.1,200
node-superagent/2.3.0,2026-03-25T07:16:55.731Z,GET,/,HTTP/1.1,200
node-superagent/2.3.0,2026-03-25T07:16:55.737Z,GET,/api/TodoItems,HTTP/1.1,200
node-superagent/2.3.0,2026-03-25T07:16:55.749Z,POST,/api/TodoItems,HTTP/1.1,201
node-superagent/2.3.0,2026-03-25T07:16:55.755Z,DELETE,/api/TodoItems/0,HTTP/1.1,200
node-superagent/2.3.0,2026-03-25T07:16:55.759Z,GET,/api/TodoItems/1,HTTP/1.1,200
node-superagent/2.3.0,2026-03-25T07:19:45.729Z,GET,/,HTTP/1.1,200
node-superagent/2.3.0,2026-03-25T07:19:45.735Z,GET,/api/TodoItems,HTTP/1.1,200
node-superagent/2.3.0,2026-03-25T07:19:45.749Z,POST,/api/TodoItems,HTTP/1.1,201
node-superagent/2.3.0,2026-03-25T07:19:45.755Z,DELETE,/api/TodoItems/0,HTTP/1.1,200
node-superagent/2.3.0,2026-03-25T07:20:29.532Z,GET,/,HTTP/1.1,200
node-superagent/2.3.0,2026-03-25T07:20:29.539Z,GET,/api/TodoItems,HTTP/1.1,200
node-superagent/2.3.0,2026-03-25T07:20:29.550Z,POST,/api/TodoItems,HTTP/1.1,201
node-superagent/2.3.0,2026-03-25T07:20:29.556Z,DELETE,/api/TodoItems/0,HTTP/1.1,200
node-superagent/2.3.0,2026-03-25T07:21:58.369Z,GET,/,HTTP/1.1,200
node-superagent/2.3.0,2026-03-25T07:21:58.375Z,GET,/api/TodoItems,HTTP/1.1,200
node-superagent/2.3.0,2026-03-25T07:21:58.385Z,POST,/api/TodoItems,HTTP/1.1,201
node-superagent/2.3.0,2026-03-25T07:21:58.390Z,DELETE,/api/TodoItems/0,HTTP/1.1,200
node-superagent/2.3.0,2026-03-25T07:23:41.878Z,GET,/,HTTP/1.1,200
node-superagent/2.3.0,2026-03-25T07:23:41.884Z,GET,/api/TodoItems,HTTP/1.1,200
node-superagent/2.3.0,2026-03-25T07:23:41.895Z,POST,/api/TodoItems,HTTP/1.1,201
node-superagent/2.3.0,2026-03-25T07:23:41.904Z,DELETE,/api/TodoItems/0,HTTP/1.1,200
node-superagent/2.3.0,2026-03-25T07:23:41.907Z,GET,/api/TodoItems/1,HTTP/1.1,500
node-superagent/2.3.0,2026-03-25T07:26:57.186Z,GET,/,HTTP/1.1,200
node-superagent/2.3.0,2026-03-25T07:26:57.192Z,GET,/api/TodoItems,HTTP/1.1,200
node-superagent/2.3.0,2026-03-25T07:26:57.203Z,POST,/api/TodoItems,HTTP/1.1,201
node-superagent/2.3.0,2026-03-25T07:26:57.208Z,DELETE,/api/TodoItems/0,HTTP/1.1,200
node-superagent/2.3.0,2026-03-25T07:26:57.213Z,GET,/api/TodoItems/1,HTTP/1.1,200
node-superagent/2.3.0,2026-03-26T03:37:48.857Z,GET,/,HTTP/1.1,200
node-superagent/2.3.0,2026-03-26T03:37:48.859Z,GET,/api/TodoItems,HTTP/1.1,200
node-superagent/2.3.0,2026-03-26T03:37:48.863Z,POST,/api/TodoItems,HTTP/1.1,201
node-superagent/2.3.0,2026-03-26T03:37:48.864Z,DELETE,/api/TodoItems/0,HTTP/1.1,200
node-superagent/2.3.0,2026-03-26T03:37:48.865Z,GET,/api/TodoItems/1,HTTP/1.1,200
